file,barcode,sample,group,Run,Lane,Oligo,system,color,batch
fastq/HI.1120.001.TS1_R1.fastq.gz,GCCAAT,DICER_1,DICER,091813 PolyA seq,1,2,colon,#ffed6f,1120
fastq/HI.1120.002.TS2_R1.fastq.gz,GCCAAT,DICER_2,DICER,091813 PolyA seq,2,2,colon,#ffed6f,1120
fastq/HI.1538.008.TS2_R1.fastq.gz,TGACCA,DICER_3,DICER,021414 PolyA seq,2,1,colon,#ffed6f,1538
fastq/HI.1538.008.TS2_R1.fastq.gz,GCCAAT,DICER_4,DICER,021414 PolyA seq,2,2,colon,#ffed6f,1538
fastq/HI.1120.001.TS1_R1.fastq.gz,CTTGTA,DKO_1,DKO,091813 PolyA seq,1,3,colon,#e31a1c,1120
fastq/HI.1120.002.TS2_R1.fastq.gz,CTTGTA,DKO_2,DKO,091813 PolyA seq,2,3,colon,#e31a1c,1120
fastq/HI.1538.008.TS1_R1.fastq.gz,CTTGTA,DKO_3,DKO,021414 PolyA seq,1,3,colon,#e31a1c,1538
fastq/HI.1538.008.TS1_R1.fastq.gz,AAGTGC,DKO_4,DKO,021414 PolyA seq,1,4,colon,#e31a1c,1538
fastq/HI.1120.003.TS3_R1.fastq.gz,GCCAAT,DU145_1,DU145,091813 PolyA seq,3,2,prostate,#6a3d9a,1120
fastq/HI.1120.004.TS4_R1.fastq.gz,GCCAAT,DU145_2,DU145,091813 PolyA seq,4,2,prostate,#6a3d9a,1120
fastq/HI.1538.008.TS3_R1.fastq.gz,TGACCA,DU145_3,DU145,021414 PolyA seq,3,1,prostate,#6a3d9a,1538
fastq/HI.1538.008.TS3_R1.fastq.gz,GCCAAT,DU145_4,DU145,021414 PolyA seq,3,2,prostate,#6a3d9a,1538
fastq/HI.1120.001.TS1_R1.fastq.gz,TGACCA,HCT116_1,HCT116,091813 PolyA seq,1,1,colon,#1f78b4,1120
fastq/HI.1120.002.TS2_R1.fastq.gz,TGACCA,HCT116_2,HCT116,091813 PolyA seq,2,1,colon,#1f78b4,1120
fastq/HI.1538.008.TS1_R1.fastq.gz,TGACCA,HCT116_3,HCT116,021414 PolyA seq,1,1,colon,#1f78b4,1538
fastq/HI.1538.008.TS1_R1.fastq.gz,GCCAAT,HCT116_4,HCT116,021414 PolyA seq,1,2,colon,#1f78b4,1538
fastq/HI.1120.003.TS3_R1.fastq.gz,CTTGTA,LNCaP_1,LNCaP,091813 PolyA seq,3,3,prostate,#ff7f00,1120
fastq/HI.1120.004.TS4_R1.fastq.gz,CTTGTA,LNCaP_2,LNCaP,091813 PolyA seq,4,3,prostate,#ff7f00,1120
fastq/HI.1538.008.TS3_R1.fastq.gz,CTTGTA,LNCaP_3,LNCaP,021414 PolyA seq,3,3,prostate,#ff7f00,1538
fastq/HI.1538.008.TS3_R1.fastq.gz,AAGTGC,LNCaP_4,LNCaP,021414 PolyA seq,3,4,prostate,#ff7f00,1538
fastq/HI.1120.003.TS3_R1.fastq.gz,TGACCA,PrEC_1,PrEC,091813 PolyA seq,3,1,prostate,#33a02c,1120
fastq/HI.1120.004.TS4_R1.fastq.gz,TGACCA,PrEC_2,PrEC,091813 PolyA seq,4,1,prostate,#33a02c,1120
fastq/HI.1538.008.TS2_R1.fastq.gz,CTTGTA,PrEC_3,PrEC,021414 PolyA seq,2,3,prostate,#33a02c,1538
fastq/HI.1538.008.TS2_R1.fastq.gz,AAGTGC,PrEC_4,PrEC,021414 PolyA seq,2,4,prostate,#33a02c,1538
